Model,Accuracy,Precision (Macro),Recall (Macro),F1-Score (Macro),Precision (Weighted),Recall (Weighted),F1-Score (Weighted),ROC-AUC
SVM,0.6504330540962658,0.29084738264249693,0.37188442162354557,0.32422807371442863,0.47485273920393356,0.6504330540962658,0.548415233955587,0.5229654722795888
XGBoost,1.0,1.0,1.0,1.0,1.0,1.0,1.0,1.0
FNN,0.6771262246201902,0.2257087415400634,0.3333333333333333,0.2691613048876848,0.45849992406839235,0.6771262246201902,0.546768534577326,0.5
