Model,Accuracy,Precision,Recall,F1-Score
Weighted Ensemble,0.6771262246201902,0.45849992406839235,0.6771262246201902,0.546768534577326
